{
    "accuracy": 0.9450213805742211,
    "precision": 0.8402061855670103,
    "recall": 0.7342342342342343,
    "auc": 0.945212173304046
}
